dataset,original_field,dublin_core_field,sample_value,normalized_concept,ontology_source
EHR,patient_id,identifier,P000001,,
EHR,patient_id,identifier,P000002,,
EHR,patient_id,identifier,P000003,,
EHR,patient_id,identifier,P000004,,
EHR,patient_id,identifier,P000005,,
EHR,patient_id,identifier,P000006,,
EHR,patient_id,identifier,P000007,,
EHR,patient_id,identifier,P000008,,
EHR,patient_id,identifier,P000009,,
EHR,patient_id,identifier,P000010,,
EHR,patient_id,identifier,P000011,,
EHR,patient_id,identifier,P000012,,
EHR,patient_id,identifier,P000013,,
EHR,patient_id,identifier,P000014,,
EHR,patient_id,identifier,P000015,,
EHR,patient_id,identifier,P000016,,
EHR,patient_id,identifier,P000017,,
EHR,patient_id,identifier,P000018,,
EHR,patient_id,identifier,P000019,,
EHR,patient_id,identifier,P000020,,
EHR,patient_id,identifier,P000021,,
EHR,patient_id,identifier,P000022,,
EHR,patient_id,identifier,P000023,,
EHR,patient_id,identifier,P000024,,
EHR,patient_id,identifier,P000025,,
EHR,patient_id,identifier,P000026,,
EHR,patient_id,identifier,P000027,,
EHR,patient_id,identifier,P000028,,
EHR,patient_id,identifier,P000029,,
EHR,patient_id,identifier,P000030,,
EHR,patient_id,identifier,P000031,,
EHR,patient_id,identifier,P000032,,
EHR,patient_id,identifier,P000033,,
EHR,patient_id,identifier,P000034,,
EHR,patient_id,identifier,P000035,,
EHR,patient_id,identifier,P000036,,
EHR,patient_id,identifier,P000037,,
EHR,patient_id,identifier,P000038,,
EHR,patient_id,identifier,P000039,,
EHR,patient_id,identifier,P000040,,
EHR,patient_id,identifier,P000041,,
EHR,patient_id,identifier,P000042,,
EHR,patient_id,identifier,P000043,,
EHR,patient_id,identifier,P000044,,
EHR,patient_id,identifier,P000045,,
EHR,patient_id,identifier,P000046,,
EHR,patient_id,identifier,P000047,,
EHR,patient_id,identifier,P000048,,
EHR,patient_id,identifier,P000049,,
EHR,patient_id,identifier,P000050,,
EHR,diagnosis,subject,Diabetes,44054006,SNOMED CT
EHR,diagnosis,subject,Cancer,363346000,SNOMED CT
EHR,diagnosis,subject,Hypertension,38341003,SNOMED CT
EHR,diagnosis,subject,Heart Failure,,
EHR,diagnosis,subject,COPD,,
EHR,diagnosis,subject,Stroke,,
EHR,diagnosis,subject,Asthma,195967001,SNOMED CT
EHR,treatment,description,Metformin,860975,RxNorm
EHR,treatment,description,Beta Blocker,,
EHR,treatment,description,Chemotherapy,,
EHR,treatment,description,Amlodipine,,
EHR,treatment,description,Insulin,28518,RxNorm
EHR,treatment,description,Inhaler,,
EHR,treatment,description,Radiation Therapy,,
EHR,visit_date,date,2020-03-11,,
EHR,visit_date,date,2023-12-05,,
EHR,visit_date,date,2015-01-07,,
EHR,visit_date,date,2023-02-02,,
EHR,visit_date,date,2016-03-26,,
EHR,visit_date,date,2022-07-20,,
EHR,visit_date,date,2017-06-04,,
EHR,visit_date,date,2021-05-02,,
EHR,visit_date,date,2016-09-10,,
EHR,visit_date,date,2019-08-26,,
EHR,visit_date,date,2022-09-18,,
EHR,visit_date,date,2021-07-17,,
EHR,visit_date,date,2024-06-04,,
EHR,visit_date,date,2021-10-27,,
EHR,visit_date,date,2017-05-15,,
EHR,visit_date,date,2015-09-24,,
EHR,visit_date,date,2023-05-20,,
EHR,visit_date,date,2016-03-27,,
EHR,visit_date,date,2019-12-24,,
EHR,visit_date,date,2017-07-07,,
EHR,visit_date,date,2015-02-28,,
EHR,visit_date,date,2019-01-14,,
EHR,visit_date,date,2020-03-25,,
EHR,visit_date,date,2024-08-05,,
EHR,visit_date,date,2024-06-01,,
EHR,visit_date,date,2016-05-22,,
EHR,visit_date,date,2023-08-03,,
EHR,visit_date,date,2024-08-10,,
EHR,visit_date,date,2018-07-08,,
EHR,visit_date,date,2020-02-09,,
EHR,visit_date,date,2018-11-01,,
EHR,visit_date,date,2023-01-17,,
EHR,visit_date,date,2015-05-07,,
EHR,visit_date,date,2015-04-24,,
EHR,visit_date,date,2016-09-19,,
EHR,visit_date,date,2021-01-10,,
EHR,visit_date,date,2019-12-20,,
EHR,visit_date,date,2015-10-21,,
EHR,visit_date,date,2024-05-21,,
EHR,visit_date,date,2020-11-13,,
EHR,visit_date,date,2024-05-29,,
EHR,visit_date,date,2021-04-30,,
EHR,visit_date,date,2021-10-07,,
EHR,visit_date,date,2020-02-14,,
EHR,visit_date,date,2022-12-13,,
EHR,visit_date,date,2018-07-31,,
EHR,visit_date,date,2016-03-31,,
EHR,visit_date,date,2017-03-10,,
EHR,visit_date,date,2016-08-25,,
EHR,visit_date,date,2022-04-14,,
EHR,outcome,coverage,Recovered,,
EHR,outcome,coverage,Improved,,
EHR,outcome,coverage,Deceased,,
EHR,outcome,coverage,Stable,,
EHR,outcome,coverage,Deteriorated,,
Clinical Trials,trial_id,identifier,NCT100000,,
Clinical Trials,trial_id,identifier,NCT100001,,
Clinical Trials,trial_id,identifier,NCT100002,,
Clinical Trials,trial_id,identifier,NCT100003,,
Clinical Trials,trial_id,identifier,NCT100004,,
Clinical Trials,trial_id,identifier,NCT100005,,
Clinical Trials,trial_id,identifier,NCT100006,,
Clinical Trials,trial_id,identifier,NCT100007,,
Clinical Trials,trial_id,identifier,NCT100008,,
Clinical Trials,trial_id,identifier,NCT100009,,
Clinical Trials,trial_id,identifier,NCT100010,,
Clinical Trials,trial_id,identifier,NCT100011,,
Clinical Trials,trial_id,identifier,NCT100012,,
Clinical Trials,trial_id,identifier,NCT100013,,
Clinical Trials,trial_id,identifier,NCT100014,,
Clinical Trials,trial_id,identifier,NCT100015,,
Clinical Trials,trial_id,identifier,NCT100016,,
Clinical Trials,trial_id,identifier,NCT100017,,
Clinical Trials,trial_id,identifier,NCT100018,,
Clinical Trials,trial_id,identifier,NCT100019,,
Clinical Trials,trial_id,identifier,NCT100020,,
Clinical Trials,trial_id,identifier,NCT100021,,
Clinical Trials,trial_id,identifier,NCT100022,,
Clinical Trials,trial_id,identifier,NCT100023,,
Clinical Trials,trial_id,identifier,NCT100024,,
Clinical Trials,trial_id,identifier,NCT100025,,
Clinical Trials,trial_id,identifier,NCT100026,,
Clinical Trials,trial_id,identifier,NCT100027,,
Clinical Trials,trial_id,identifier,NCT100028,,
Clinical Trials,trial_id,identifier,NCT100029,,
Clinical Trials,trial_id,identifier,NCT100030,,
Clinical Trials,trial_id,identifier,NCT100031,,
Clinical Trials,trial_id,identifier,NCT100032,,
Clinical Trials,trial_id,identifier,NCT100033,,
Clinical Trials,trial_id,identifier,NCT100034,,
Clinical Trials,trial_id,identifier,NCT100035,,
Clinical Trials,trial_id,identifier,NCT100036,,
Clinical Trials,trial_id,identifier,NCT100037,,
Clinical Trials,trial_id,identifier,NCT100038,,
Clinical Trials,trial_id,identifier,NCT100039,,
Clinical Trials,trial_id,identifier,NCT100040,,
Clinical Trials,trial_id,identifier,NCT100041,,
Clinical Trials,trial_id,identifier,NCT100042,,
Clinical Trials,trial_id,identifier,NCT100043,,
Clinical Trials,trial_id,identifier,NCT100044,,
Clinical Trials,trial_id,identifier,NCT100045,,
Clinical Trials,trial_id,identifier,NCT100046,,
Clinical Trials,trial_id,identifier,NCT100047,,
Clinical Trials,trial_id,identifier,NCT100048,,
Clinical Trials,trial_id,identifier,NCT100049,,
Clinical Trials,title,title,Study on Breast Cancer with Vaccine X,,
Clinical Trials,title,title,Study on Alzheimer's with Drug A,,
Clinical Trials,title,title,Study on Breast Cancer with Drug A,,
Clinical Trials,title,title,Study on Breast Cancer with Placebo,,
Clinical Trials,title,title,Study on Alzheimer's with Insulin,,
Clinical Trials,title,title,Study on Hypertension with Insulin,,
Clinical Trials,title,title,Study on COVID-19 with Insulin,,
Clinical Trials,title,title,Study on Asthma with Radiation Therapy,,
Clinical Trials,title,title,Study on Hypertension with Vaccine X,,
Clinical Trials,title,title,Study on Alzheimer's with Placebo,,
Clinical Trials,title,title,Study on Diabetes with Drug B,,
Clinical Trials,title,title,Study on COVID-19 with Radiation Therapy,,
Clinical Trials,title,title,Study on HIV with Radiation Therapy,,
Clinical Trials,title,title,Study on Breast Cancer with Insulin,,
Clinical Trials,title,title,Study on Hypertension with Placebo,,
Clinical Trials,title,title,Study on Asthma with Drug B,,
Clinical Trials,title,title,Study on Alzheimer's with Vaccine X,,
Clinical Trials,title,title,Study on Asthma with Drug A,,
Clinical Trials,title,title,Study on Diabetes with Placebo,,
Clinical Trials,title,title,Study on COVID-19 with Vaccine X,,
Clinical Trials,title,title,Study on Breast Cancer with Radiation Therapy,,
Clinical Trials,title,title,Study on HIV with Vaccine X,,
Clinical Trials,title,title,Study on Breast Cancer with Drug B,,
Clinical Trials,title,title,Study on Asthma with Vaccine X,,
Clinical Trials,title,title,Study on HIV with Drug A,,
Clinical Trials,title,title,Study on COVID-19 with Drug B,,
Clinical Trials,title,title,Study on HIV with Placebo,,
Clinical Trials,title,title,Study on Hypertension with Drug B,,
Clinical Trials,title,title,Study on Alzheimer's with Radiation Therapy,,
Clinical Trials,title,title,Study on Diabetes with Vaccine X,,
Clinical Trials,title,title,Study on HIV with Insulin,,
Clinical Trials,title,title,Study on Alzheimer's with Drug B,,
Clinical Trials,title,title,Study on HIV with Drug B,,
Clinical Trials,title,title,Study on Hypertension with Drug A,,
Clinical Trials,title,title,Study on Diabetes with Drug A,,
Clinical Trials,title,title,Study on Asthma with Placebo,,
Clinical Trials,title,title,Study on Diabetes with Radiation Therapy,,
Clinical Trials,title,title,Study on COVID-19 with Drug A,,
Clinical Trials,title,title,Study on Diabetes with Insulin,,
Clinical Trials,title,title,Study on Hypertension with Radiation Therapy,,
Clinical Trials,title,title,Study on COVID-19 with Placebo,,
Clinical Trials,title,title,Study on Asthma with Insulin,,
Clinical Trials,condition,subject,Diabetes,44054006,SNOMED CT
Clinical Trials,condition,subject,COVID-19,,
Clinical Trials,condition,subject,Hypertension,38341003,SNOMED CT
Clinical Trials,condition,subject,Asthma,195967001,SNOMED CT
Clinical Trials,condition,subject,Breast Cancer,,
Clinical Trials,condition,subject,Alzheimer's,,
Clinical Trials,condition,subject,HIV,,
Clinical Trials,intervention,description,Placebo,,
Clinical Trials,intervention,description,Vaccine X,,
Clinical Trials,intervention,description,Radiation Therapy,,
Clinical Trials,intervention,description,Drug B,,
Clinical Trials,intervention,description,Insulin,28518,RxNorm
Clinical Trials,intervention,description,Drug A,,
Clinical Trials,phase,type,Phase IV,,
Clinical Trials,phase,type,Phase I,,
Clinical Trials,phase,type,Phase III,,
Clinical Trials,phase,type,Phase II,,
Clinical Trials,status,relation,Terminated,,
Clinical Trials,status,relation,Recruiting,,
Clinical Trials,status,relation,"Active, not recruiting",,
Clinical Trials,status,relation,Completed,,
Clinical Trials,start_date,date,2020-12-16,,
Clinical Trials,start_date,date,2020-03-19,,
Clinical Trials,start_date,date,2020-05-05,,
Clinical Trials,start_date,date,2023-01-31,,
Clinical Trials,start_date,date,2024-10-28,,
Clinical Trials,start_date,date,2019-05-18,,
Clinical Trials,start_date,date,2021-11-04,,
Clinical Trials,start_date,date,2014-04-23,,
Clinical Trials,start_date,date,2013-07-16,,
Clinical Trials,start_date,date,2017-10-10,,
Clinical Trials,start_date,date,2013-08-16,,
Clinical Trials,start_date,date,2014-01-20,,
Clinical Trials,start_date,date,2021-06-10,,
Clinical Trials,start_date,date,2011-12-21,,
Clinical Trials,start_date,date,2012-07-20,,
Clinical Trials,start_date,date,2016-03-27,,
Clinical Trials,start_date,date,2023-05-11,,
Clinical Trials,start_date,date,2021-08-05,,
Clinical Trials,start_date,date,2022-11-12,,
Clinical Trials,start_date,date,2024-02-24,,
Clinical Trials,start_date,date,2013-12-28,,
Clinical Trials,start_date,date,2010-03-26,,
Clinical Trials,start_date,date,2012-01-19,,
Clinical Trials,start_date,date,2018-02-08,,
Clinical Trials,start_date,date,2019-04-26,,
Clinical Trials,start_date,date,2022-06-19,,
Clinical Trials,start_date,date,2015-03-04,,
Clinical Trials,start_date,date,2021-11-03,,
Clinical Trials,start_date,date,2024-10-30,,
Clinical Trials,start_date,date,2016-08-28,,
Clinical Trials,start_date,date,2014-10-24,,
Clinical Trials,start_date,date,2011-04-02,,
Clinical Trials,start_date,date,2010-03-30,,
Clinical Trials,start_date,date,2013-12-13,,
Clinical Trials,start_date,date,2013-11-03,,
Clinical Trials,start_date,date,2010-09-13,,
Clinical Trials,start_date,date,2012-08-10,,
Clinical Trials,start_date,date,2012-11-15,,
Clinical Trials,start_date,date,2011-07-17,,
Clinical Trials,start_date,date,2015-09-23,,
Clinical Trials,start_date,date,2016-07-15,,
Clinical Trials,start_date,date,2017-01-18,,
Clinical Trials,start_date,date,2012-04-21,,
Clinical Trials,start_date,date,2017-06-23,,
Clinical Trials,start_date,date,2023-03-28,,
Clinical Trials,start_date,date,2018-11-07,,
Clinical Trials,start_date,date,2018-09-02,,
Clinical Trials,start_date,date,2018-04-13,,
Clinical Trials,start_date,date,2019-11-12,,
Clinical Trials,start_date,date,2021-07-27,,
Clinical Trials,end_date,date,2027-07-13,,
Clinical Trials,end_date,date,2030-03-30,,
Clinical Trials,end_date,date,2025-08-12,,
Clinical Trials,end_date,date,2030-09-19,,
Clinical Trials,end_date,date,2029-04-14,,
Clinical Trials,end_date,date,2030-07-07,,
Clinical Trials,end_date,date,2027-07-22,,
Clinical Trials,end_date,date,2030-01-08,,
Clinical Trials,end_date,date,2026-02-25,,
Clinical Trials,end_date,date,2025-01-29,,
Clinical Trials,end_date,date,2025-11-29,,
Clinical Trials,end_date,date,2027-03-06,,
Clinical Trials,end_date,date,2025-05-26,,
Clinical Trials,end_date,date,2030-06-18,,
Clinical Trials,end_date,date,2026-07-29,,
Clinical Trials,end_date,date,2030-09-27,,
Clinical Trials,end_date,date,2027-05-06,,
Clinical Trials,end_date,date,2029-10-06,,
Clinical Trials,end_date,date,2028-06-24,,
Clinical Trials,end_date,date,2027-04-11,,
Clinical Trials,end_date,date,2027-12-02,,
Clinical Trials,end_date,date,2028-06-11,,
Clinical Trials,end_date,date,2029-12-18,,
Clinical Trials,end_date,date,2028-06-05,,
Clinical Trials,end_date,date,2029-01-25,,
Clinical Trials,end_date,date,2026-06-14,,
Clinical Trials,end_date,date,2028-02-26,,
Clinical Trials,end_date,date,2028-02-10,,
Clinical Trials,end_date,date,2028-05-10,,
Clinical Trials,end_date,date,2027-05-19,,
Clinical Trials,end_date,date,2028-11-12,,
Clinical Trials,end_date,date,2025-04-29,,
Clinical Trials,end_date,date,2029-01-06,,
Clinical Trials,end_date,date,2029-04-26,,
Clinical Trials,end_date,date,2029-08-29,,
Clinical Trials,end_date,date,2026-12-05,,
Clinical Trials,end_date,date,2025-03-19,,
Clinical Trials,end_date,date,2027-08-26,,
Clinical Trials,end_date,date,2026-11-08,,
Clinical Trials,end_date,date,2027-07-28,,
Clinical Trials,end_date,date,2030-06-07,,
Clinical Trials,end_date,date,2026-09-17,,
Clinical Trials,end_date,date,2030-04-28,,
Clinical Trials,end_date,date,2026-09-05,,
Clinical Trials,end_date,date,2030-09-10,,
Clinical Trials,end_date,date,2029-04-06,,
Clinical Trials,end_date,date,2025-08-06,,
Clinical Trials,end_date,date,2025-08-07,,
Clinical Trials,end_date,date,2029-12-20,,
Clinical Trials,end_date,date,2025-12-08,,
Clinical Trials,location,coverage,UK,,
Clinical Trials,location,coverage,Japan,,
Clinical Trials,location,coverage,USA,,
Clinical Trials,location,coverage,Germany,,
Clinical Trials,location,coverage,Brazil,,
Clinical Trials,location,coverage,Canada,,
Clinical Trials,location,coverage,India,,
Clinical Trials,sponsor,contributor,Novartis,,
Clinical Trials,sponsor,contributor,AstraZeneca,,
Clinical Trials,sponsor,contributor,Roche,,
Clinical Trials,sponsor,contributor,Pfizer,,
Clinical Trials,sponsor,contributor,NIH,,
Clinical Trials,sponsor,contributor,WHO,,
Drug Safety,report_id,identifier,RPT000001,,
Drug Safety,report_id,identifier,RPT000002,,
Drug Safety,report_id,identifier,RPT000003,,
Drug Safety,report_id,identifier,RPT000004,,
Drug Safety,report_id,identifier,RPT000005,,
Drug Safety,report_id,identifier,RPT000006,,
Drug Safety,report_id,identifier,RPT000007,,
Drug Safety,report_id,identifier,RPT000008,,
Drug Safety,report_id,identifier,RPT000009,,
Drug Safety,report_id,identifier,RPT000010,,
Drug Safety,report_id,identifier,RPT000011,,
Drug Safety,report_id,identifier,RPT000012,,
Drug Safety,report_id,identifier,RPT000013,,
Drug Safety,report_id,identifier,RPT000014,,
Drug Safety,report_id,identifier,RPT000015,,
Drug Safety,report_id,identifier,RPT000016,,
Drug Safety,report_id,identifier,RPT000017,,
Drug Safety,report_id,identifier,RPT000018,,
Drug Safety,report_id,identifier,RPT000019,,
Drug Safety,report_id,identifier,RPT000020,,
Drug Safety,report_id,identifier,RPT000021,,
Drug Safety,report_id,identifier,RPT000022,,
Drug Safety,report_id,identifier,RPT000023,,
Drug Safety,report_id,identifier,RPT000024,,
Drug Safety,report_id,identifier,RPT000025,,
Drug Safety,report_id,identifier,RPT000026,,
Drug Safety,report_id,identifier,RPT000027,,
Drug Safety,report_id,identifier,RPT000028,,
Drug Safety,report_id,identifier,RPT000029,,
Drug Safety,report_id,identifier,RPT000030,,
Drug Safety,report_id,identifier,RPT000031,,
Drug Safety,report_id,identifier,RPT000032,,
Drug Safety,report_id,identifier,RPT000033,,
Drug Safety,report_id,identifier,RPT000034,,
Drug Safety,report_id,identifier,RPT000035,,
Drug Safety,report_id,identifier,RPT000036,,
Drug Safety,report_id,identifier,RPT000037,,
Drug Safety,report_id,identifier,RPT000038,,
Drug Safety,report_id,identifier,RPT000039,,
Drug Safety,report_id,identifier,RPT000040,,
Drug Safety,report_id,identifier,RPT000041,,
Drug Safety,report_id,identifier,RPT000042,,
Drug Safety,report_id,identifier,RPT000043,,
Drug Safety,report_id,identifier,RPT000044,,
Drug Safety,report_id,identifier,RPT000045,,
Drug Safety,report_id,identifier,RPT000046,,
Drug Safety,report_id,identifier,RPT000047,,
Drug Safety,report_id,identifier,RPT000048,,
Drug Safety,report_id,identifier,RPT000049,,
Drug Safety,report_id,identifier,RPT000050,,
Drug Safety,drug_name,title,Paracetamol,,
Drug Safety,drug_name,title,Atorvastatin,83367,RxNorm
Drug Safety,drug_name,title,Remdesivir,,
Drug Safety,drug_name,title,Metformin,860975,RxNorm
Drug Safety,drug_name,title,Amlodipine,,
Drug Safety,drug_name,title,Insulin,28518,RxNorm
Drug Safety,drug_name,title,Aspirin,,
Drug Safety,adverse_event,subject,Death,,
Drug Safety,adverse_event,subject,Liver Damage,,
Drug Safety,adverse_event,subject,Fatigue,,
Drug Safety,adverse_event,subject,Headache,,
Drug Safety,adverse_event,subject,Kidney Failure,,
Drug Safety,adverse_event,subject,Nausea,,
Drug Safety,adverse_event,subject,Seizure,,
Drug Safety,adverse_event,subject,Rash,,
Drug Safety,serious,type,Yes,,
Drug Safety,serious,type,No,,
Drug Safety,outcome,coverage,Ongoing,,
Drug Safety,outcome,coverage,Not Recovered,,
Drug Safety,outcome,coverage,Fatal,,
Drug Safety,outcome,coverage,Recovered,,
Drug Safety,outcome,coverage,Unknown,,
Drug Safety,report_date,date,2020-04-28,,
Drug Safety,report_date,date,2023-11-08,,
Drug Safety,report_date,date,2019-01-10,,
Drug Safety,report_date,date,2017-02-14,,
Drug Safety,report_date,date,2010-05-24,,
Drug Safety,report_date,date,2024-11-03,,
Drug Safety,report_date,date,2014-02-12,,
Drug Safety,report_date,date,2012-05-18,,
Drug Safety,report_date,date,2015-10-13,,
Drug Safety,report_date,date,2011-06-20,,
Drug Safety,report_date,date,2016-05-12,,
Drug Safety,report_date,date,2012-12-24,,
Drug Safety,report_date,date,2022-12-06,,
Drug Safety,report_date,date,2010-05-09,,
Drug Safety,report_date,date,2018-04-21,,
Drug Safety,report_date,date,2015-09-07,,
Drug Safety,report_date,date,2023-04-26,,
Drug Safety,report_date,date,2020-06-01,,
Drug Safety,report_date,date,2021-05-09,,
Drug Safety,report_date,date,2014-03-09,,
Drug Safety,report_date,date,2022-11-17,,
Drug Safety,report_date,date,2017-08-18,,
Drug Safety,report_date,date,2021-03-30,,
Drug Safety,report_date,date,2013-12-09,,
Drug Safety,report_date,date,2017-07-04,,
Drug Safety,report_date,date,2018-08-16,,
Drug Safety,report_date,date,2018-12-23,,
Drug Safety,report_date,date,2019-11-22,,
Drug Safety,report_date,date,2024-02-06,,
Drug Safety,report_date,date,2024-01-06,,
Drug Safety,report_date,date,2015-10-22,,
Drug Safety,report_date,date,2024-12-26,,
Drug Safety,report_date,date,2021-11-08,,
Drug Safety,report_date,date,2022-11-07,,
Drug Safety,report_date,date,2015-03-01,,
Drug Safety,report_date,date,2019-09-23,,
Drug Safety,report_date,date,2023-11-04,,
Drug Safety,report_date,date,2019-11-20,,
Drug Safety,report_date,date,2023-10-28,,
Drug Safety,report_date,date,2014-01-08,,
Drug Safety,report_date,date,2024-03-01,,
Drug Safety,report_date,date,2013-07-03,,
Drug Safety,report_date,date,2024-01-17,,
Drug Safety,report_date,date,2019-09-18,,
Drug Safety,report_date,date,2020-07-09,,
Drug Safety,report_date,date,2013-04-17,,
Drug Safety,report_date,date,2011-08-05,,
Drug Safety,report_date,date,2012-10-18,,
Drug Safety,report_date,date,2018-07-26,,
Drug Safety,report_date,date,2012-01-06,,
Drug Safety,country,coverage,USA,,
Drug Safety,country,coverage,UK,,
Drug Safety,country,coverage,France,,
Drug Safety,country,coverage,Germany,,
Drug Safety,country,coverage,India,,
Drug Safety,country,coverage,Canada,,
Drug Safety,country,coverage,Brazil,,
Drug Safety,country,coverage,Japan,,
Drug Safety,source,creator,Regulator,,
Drug Safety,source,creator,Pharmacist,,
Drug Safety,source,creator,Consumer,,
Drug Safety,source,creator,Physician,,
Drug Ontology,drug_id,identifier,DB10000,,
Drug Ontology,drug_id,identifier,DB10001,,
Drug Ontology,drug_id,identifier,DB10002,,
Drug Ontology,drug_id,identifier,DB10003,,
Drug Ontology,drug_id,identifier,DB10004,,
Drug Ontology,drug_id,identifier,DB10005,,
Drug Ontology,drug_id,identifier,DB10006,,
Drug Ontology,drug_id,identifier,DB10007,,
Drug Ontology,drug_id,identifier,DB10008,,
Drug Ontology,drug_id,identifier,DB10009,,
Drug Ontology,drug_id,identifier,DB10010,,
Drug Ontology,drug_id,identifier,DB10011,,
Drug Ontology,drug_id,identifier,DB10012,,
Drug Ontology,drug_id,identifier,DB10013,,
Drug Ontology,drug_id,identifier,DB10014,,
Drug Ontology,drug_id,identifier,DB10015,,
Drug Ontology,drug_id,identifier,DB10016,,
Drug Ontology,drug_id,identifier,DB10017,,
Drug Ontology,drug_id,identifier,DB10018,,
Drug Ontology,drug_id,identifier,DB10019,,
Drug Ontology,drug_id,identifier,DB10020,,
Drug Ontology,drug_id,identifier,DB10021,,
Drug Ontology,drug_id,identifier,DB10022,,
Drug Ontology,drug_id,identifier,DB10023,,
Drug Ontology,drug_id,identifier,DB10024,,
Drug Ontology,drug_id,identifier,DB10025,,
Drug Ontology,drug_id,identifier,DB10026,,
Drug Ontology,drug_id,identifier,DB10027,,
Drug Ontology,drug_id,identifier,DB10028,,
Drug Ontology,drug_id,identifier,DB10029,,
Drug Ontology,drug_id,identifier,DB10030,,
Drug Ontology,drug_id,identifier,DB10031,,
Drug Ontology,drug_id,identifier,DB10032,,
Drug Ontology,drug_id,identifier,DB10033,,
Drug Ontology,drug_id,identifier,DB10034,,
Drug Ontology,drug_id,identifier,DB10035,,
Drug Ontology,drug_id,identifier,DB10036,,
Drug Ontology,drug_id,identifier,DB10037,,
Drug Ontology,drug_id,identifier,DB10038,,
Drug Ontology,drug_id,identifier,DB10039,,
Drug Ontology,drug_id,identifier,DB10040,,
Drug Ontology,drug_id,identifier,DB10041,,
Drug Ontology,drug_id,identifier,DB10042,,
Drug Ontology,drug_id,identifier,DB10043,,
Drug Ontology,drug_id,identifier,DB10044,,
Drug Ontology,drug_id,identifier,DB10045,,
Drug Ontology,drug_id,identifier,DB10046,,
Drug Ontology,drug_id,identifier,DB10047,,
Drug Ontology,drug_id,identifier,DB10048,,
Drug Ontology,drug_id,identifier,DB10049,,
Drug Ontology,drug_name,title,Drug_1,,
Drug Ontology,drug_name,title,Drug_2,,
Drug Ontology,drug_name,title,Drug_3,,
Drug Ontology,drug_name,title,Drug_4,,
Drug Ontology,drug_name,title,Drug_5,,
Drug Ontology,drug_name,title,Drug_6,,
Drug Ontology,drug_name,title,Drug_7,,
Drug Ontology,drug_name,title,Drug_8,,
Drug Ontology,drug_name,title,Drug_9,,
Drug Ontology,drug_name,title,Drug_10,,
Drug Ontology,drug_name,title,Drug_11,,
Drug Ontology,drug_name,title,Drug_12,,
Drug Ontology,drug_name,title,Drug_13,,
Drug Ontology,drug_name,title,Drug_14,,
Drug Ontology,drug_name,title,Drug_15,,
Drug Ontology,drug_name,title,Drug_16,,
Drug Ontology,drug_name,title,Drug_17,,
Drug Ontology,drug_name,title,Drug_18,,
Drug Ontology,drug_name,title,Drug_19,,
Drug Ontology,drug_name,title,Drug_20,,
Drug Ontology,drug_name,title,Drug_21,,
Drug Ontology,drug_name,title,Drug_22,,
Drug Ontology,drug_name,title,Drug_23,,
Drug Ontology,drug_name,title,Drug_24,,
Drug Ontology,drug_name,title,Drug_25,,
Drug Ontology,drug_name,title,Drug_26,,
Drug Ontology,drug_name,title,Drug_27,,
Drug Ontology,drug_name,title,Drug_28,,
Drug Ontology,drug_name,title,Drug_29,,
Drug Ontology,drug_name,title,Drug_30,,
Drug Ontology,drug_name,title,Drug_31,,
Drug Ontology,drug_name,title,Drug_32,,
Drug Ontology,drug_name,title,Drug_33,,
Drug Ontology,drug_name,title,Drug_34,,
Drug Ontology,drug_name,title,Drug_35,,
Drug Ontology,drug_name,title,Drug_36,,
Drug Ontology,drug_name,title,Drug_37,,
Drug Ontology,drug_name,title,Drug_38,,
Drug Ontology,drug_name,title,Drug_39,,
Drug Ontology,drug_name,title,Drug_40,,
Drug Ontology,drug_name,title,Drug_41,,
Drug Ontology,drug_name,title,Drug_42,,
Drug Ontology,drug_name,title,Drug_43,,
Drug Ontology,drug_name,title,Drug_44,,
Drug Ontology,drug_name,title,Drug_45,,
Drug Ontology,drug_name,title,Drug_46,,
Drug Ontology,drug_name,title,Drug_47,,
Drug Ontology,drug_name,title,Drug_48,,
Drug Ontology,drug_name,title,Drug_49,,
Drug Ontology,drug_name,title,Drug_50,,
Drug Ontology,generic_name,subject,Remdesivir,,
Drug Ontology,generic_name,subject,Paracetamol,,
Drug Ontology,generic_name,subject,Atorvastatin,83367,RxNorm
Drug Ontology,generic_name,subject,Metformin,860975,RxNorm
Drug Ontology,generic_name,subject,Amlodipine,,
Drug Ontology,generic_name,subject,Insulin,28518,RxNorm
Drug Ontology,drug_class,type,Chemotherapy,,
Drug Ontology,drug_class,type,Antiviral,,
Drug Ontology,drug_class,type,Antibiotic,,
Drug Ontology,drug_class,type,Statin,,
Drug Ontology,drug_class,type,Analgesic,,
Drug Ontology,drug_class,type,Antidiabetic,,
Drug Ontology,drug_class,type,Antihypertensive,,
Drug Ontology,mechanism_of_action,description,Beta Blocker,,
Drug Ontology,mechanism_of_action,description,HMG-CoA Reductase Inhibitor,,
Drug Ontology,mechanism_of_action,description,Insulin Sensitizer,,
Drug Ontology,mechanism_of_action,description,Protease Inhibitor,,
Drug Ontology,mechanism_of_action,description,COX Inhibitor,,
Drug Ontology,mechanism_of_action,description,ACE Inhibitor,,
Drug Ontology,mechanism_of_action,description,DNA Synthesis Inhibitor,,
Drug Ontology,route_of_administration,format,Topical,,
Drug Ontology,route_of_administration,format,Injection,,
Drug Ontology,route_of_administration,format,IV,,
Drug Ontology,route_of_administration,format,Oral,,
Drug Ontology,atc_code,identifier,ATC00001,,
Drug Ontology,atc_code,identifier,ATC00002,,
Drug Ontology,atc_code,identifier,ATC00003,,
Drug Ontology,atc_code,identifier,ATC00004,,
Drug Ontology,atc_code,identifier,ATC00005,,
Drug Ontology,atc_code,identifier,ATC00006,,
Drug Ontology,atc_code,identifier,ATC00007,,
Drug Ontology,atc_code,identifier,ATC00008,,
Drug Ontology,atc_code,identifier,ATC00009,,
Drug Ontology,atc_code,identifier,ATC00010,,
Drug Ontology,atc_code,identifier,ATC00011,,
Drug Ontology,atc_code,identifier,ATC00012,,
Drug Ontology,atc_code,identifier,ATC00013,,
Drug Ontology,atc_code,identifier,ATC00014,,
Drug Ontology,atc_code,identifier,ATC00015,,
Drug Ontology,atc_code,identifier,ATC00016,,
Drug Ontology,atc_code,identifier,ATC00017,,
Drug Ontology,atc_code,identifier,ATC00018,,
Drug Ontology,atc_code,identifier,ATC00019,,
Drug Ontology,atc_code,identifier,ATC00020,,
Drug Ontology,atc_code,identifier,ATC00021,,
Drug Ontology,atc_code,identifier,ATC00022,,
Drug Ontology,atc_code,identifier,ATC00023,,
Drug Ontology,atc_code,identifier,ATC00024,,
Drug Ontology,atc_code,identifier,ATC00025,,
Drug Ontology,atc_code,identifier,ATC00026,,
Drug Ontology,atc_code,identifier,ATC00027,,
Drug Ontology,atc_code,identifier,ATC00028,,
Drug Ontology,atc_code,identifier,ATC00029,,
Drug Ontology,atc_code,identifier,ATC00030,,
Drug Ontology,atc_code,identifier,ATC00031,,
Drug Ontology,atc_code,identifier,ATC00032,,
Drug Ontology,atc_code,identifier,ATC00033,,
Drug Ontology,atc_code,identifier,ATC00034,,
Drug Ontology,atc_code,identifier,ATC00035,,
Drug Ontology,atc_code,identifier,ATC00036,,
Drug Ontology,atc_code,identifier,ATC00037,,
Drug Ontology,atc_code,identifier,ATC00038,,
Drug Ontology,atc_code,identifier,ATC00039,,
Drug Ontology,atc_code,identifier,ATC00040,,
Drug Ontology,atc_code,identifier,ATC00041,,
Drug Ontology,atc_code,identifier,ATC00042,,
Drug Ontology,atc_code,identifier,ATC00043,,
Drug Ontology,atc_code,identifier,ATC00044,,
Drug Ontology,atc_code,identifier,ATC00045,,
Drug Ontology,atc_code,identifier,ATC00046,,
Drug Ontology,atc_code,identifier,ATC00047,,
Drug Ontology,atc_code,identifier,ATC00048,,
Drug Ontology,atc_code,identifier,ATC00049,,
Drug Ontology,atc_code,identifier,ATC00050,,
Drug Ontology,approved,rights,Yes,,
Drug Ontology,approved,rights,No,,
Drug Ontology,synonyms,relation,Med5|Med2|Med4,,
Drug Ontology,synonyms,relation,Med3|Med5|Med4,,
Drug Ontology,synonyms,relation,Med4|Med2|Med5,,
Drug Ontology,synonyms,relation,Med2|Med3|Med5,,
Drug Ontology,synonyms,relation,Med3|Med2|Med4,,
Drug Ontology,synonyms,relation,Med3|Med4|Med2,,
Drug Ontology,synonyms,relation,Med1|Med3|Med5,,
Drug Ontology,synonyms,relation,Med3|Med5|Med2,,
Drug Ontology,synonyms,relation,Med5|Med1|Med3,,
Drug Ontology,synonyms,relation,Med2|Med3|Med1,,
Drug Ontology,synonyms,relation,Med1|Med4|Med5,,
Drug Ontology,synonyms,relation,Med1|Med3|Med4,,
Drug Ontology,synonyms,relation,Med2|Med5|Med4,,
Drug Ontology,synonyms,relation,Med5|Med4|Med3,,
Drug Ontology,synonyms,relation,Med2|Med5|Med1,,
Drug Ontology,synonyms,relation,Med1|Med4|Med2,,
Drug Ontology,synonyms,relation,Med3|Med5|Med1,,
Drug Ontology,synonyms,relation,Med5|Med3|Med4,,
Drug Ontology,synonyms,relation,Med4|Med3|Med2,,
Drug Ontology,synonyms,relation,Med2|Med1|Med5,,
Drug Ontology,synonyms,relation,Med5|Med2|Med3,,
Drug Ontology,synonyms,relation,Med5|Med4|Med1,,
Drug Ontology,synonyms,relation,Med5|Med4|Med2,,
Drug Ontology,synonyms,relation,Med2|Med1|Med4,,
Drug Ontology,synonyms,relation,Med2|Med1|Med3,,
Drug Ontology,synonyms,relation,Med4|Med3|Med1,,
Drug Ontology,synonyms,relation,Med4|Med1|Med5,,
Drug Ontology,synonyms,relation,Med3|Med2|Med5,,
Drug Ontology,synonyms,relation,Med4|Med3|Med5,,
Drug Ontology,synonyms,relation,Med5|Med1|Med4,,
Drug Ontology,synonyms,relation,Med3|Med1|Med4,,
Drug Ontology,synonyms,relation,Med1|Med3|Med2,,
Drug Ontology,synonyms,relation,Med4|Med5|Med2,,
Drug Ontology,synonyms,relation,Med4|Med2|Med3,,
Drug Ontology,synonyms,relation,Med3|Med1|Med2,,
Drug Ontology,synonyms,relation,Med3|Med4|Med1,,
Drug Ontology,synonyms,relation,Med1|Med5|Med3,,
Drug Ontology,synonyms,relation,Med3|Med1|Med5,,
Drug Ontology,synonyms,relation,Med3|Med4|Med5,,
Drug Ontology,synonyms,relation,Med1|Med2|Med3,,
Drug Ontology,synonyms,relation,Med5|Med1|Med2,,
Drug Ontology,synonyms,relation,Med2|Med4|Med5,,
Drug Ontology,synonyms,relation,Med5|Med3|Med1,,
Drug Ontology,synonyms,relation,Med5|Med3|Med2,,
Drug Ontology,synonyms,relation,Med4|Med2|Med1,,
Drug Ontology,synonyms,relation,Med1|Med5|Med4,,
Drug Ontology,synonyms,relation,Med1|Med2|Med4,,
Drug Ontology,synonyms,relation,Med1|Med5|Med2,,
Drug Ontology,synonyms,relation,Med2|Med5|Med3,,
Drug Ontology,synonyms,relation,Med4|Med1|Med2,,
